route_group,match_count,avg_p1_center_x,avg_p1_center_y,avg_p1_radius
south_to_north_military,5792,413603.34260078555,390885.2222192248,193394.13505697515
west_to_east_georgopol,5306,396713.5863792169,390366.09749575955,193492.22903905954
north_to_south_severny,5267,410465.9015835627,387315.70344242454,193425.48686989746
east_to_west,4178,405489.67899563187,411195.41114917427,193413.72181665868
southeast_to_northwest_military,3917,399377.0189478555,426308.77304059226,193414.7929777253
southwest_to_northeast_military,3875,416005.1353830645,421149.08320564515,193351.3797983871
northwest_to_southeast_georgopol,3301,360909.93158796575,398883.88001741894,193438.46088306574
northeast_to_southwest_yasnaya,2920,467686.4777183219,375089.11655072775,193466.8793557363
northwest_to_southeast_severny,1960,457221.3356903699,361803.85370695154,193467.2047672194
southeast_to_northwest,1951,416219.88368144544,334269.090730715,193318.57749231163
northeast_to_southwest_severny,1908,354039.91545466456,362105.3752620545,193554.36882534067
southwest_to_northeast_georgopol,1589,394577.02925385465,328894.68643801135,193620.01663782253
east_to_west_yasnaya,1269,408265.5469611899,326577.98111209617,193499.8094464145
northeast_to_southwest,898,378664.33002157573,484728.8169369432,193278.15645879734
northwest_to_southeast,462,504827.03270427487,488139.12364718615,192941.53456439395
west_to_east_military,344,416119.98146802327,498240.86155523255,193988.43450218023
east_to_west_military,318,394543.717865566,504961.4628537736,193597.07311320756
southwest_to_northeast,293,490777.6673954778,311293.439899744,193132.3438566553
west_to_east,238,497968.95988707984,395726.7394957983,193184.58967962186
north_to_south_yasnaya,228,524248.51363760966,371421.6769462719,193795.5035635965
north_to_south_georgopol,196,286447.67354910716,379794.8260522959,193188.08306760204
north_to_south,193,425648.67624676164,550296.7827882124,193446.8652849741
south_to_north,96,384636.49951171875,395900.2373046875,193150.9658203125
southeast_to_northwest_pochinki,57,438706.9643640351,417114.3725328947,193080.76864035087
south_to_north_pochinki,57,400098.8645833333,407823.41228070174,193080.76864035087
southwest_to_northeast_pochinki,52,435893.3578725961,431717.69981971156,193178.94651442306
east_to_west_pochinki,49,429272.23022959183,387423.75095663266,193009.92028061225
west_to_east_pochinki,45,416611.31631944445,334777.94618055556,192577.05069444445
northwest_to_southeast_pochinki,31,426379.72278225806,338936.81905241933,193186.16733870967
north_to_south_pochinki,30,386799.5057291667,366827.64375,192835.71666666667
northeast_to_southwest_pochinki,25,459976.01,332276.390625,192990.91625
east_to_west_severny,16,219435.517578125,391878.693359375,192787.216796875
west_to_east_severny,10,591829.0625,360257.0890625,195551.709375
south_to_north_georgopol,1,325609.625,142539.03125,192059.71875
northeast_to_southwest_georgopol,1,216931.625,262234.0625,192059.71875
